Method,Run Time,Accuracy,F1,Precision,Recall
Logistic Regression,0.661989688873291,0.9420740429914742,0.9354451825236388,0.9443282796236346,0.9420740429914742
Decision Tree,1.0050323009490967,0.9379541856606077,0.937959834954169,0.9379654955037621,0.9379541856606077
Random Forest,29.586537837982178,0.9562455892731122,0.9541357184984016,0.9551559893676274,0.9562455892731122
Support Vector Machine,2126.1871213912964,0.9524118331457782,0.9481774286972693,0.9540090290315981,0.9524118331457782
K-Nearest Neighbors,0.5220155715942383,0.9516870434301627,0.9492912395740242,0.9501312806360723,0.9516870434301627
Neural Network,29.013765573501587,0.9551202578725515,0.9518320604490931,0.9555446199236936,0.9551202578725515
Naive Bayes,0.05284833908081055,0.9508096664059967,0.9465923699701232,0.9516628914064067,0.9508096664059967
XGBoost,0.6455895900726318,0.9575044345686547,0.9547782751997044,0.9575267401730374,0.9575044345686547
