Method,Run Time,Accuracy,F1,Precision,Recall
Logistic Regression,0.5774545669555664,0.9420740429914742,0.9354451825236388,0.9443282796236346,0.9420740429914742
Decision Tree,0.7789154052734375,0.9379160388334701,0.9379367512793874,0.9379576149131557,0.9379160388334701
Random Forest,27.120872735977173,0.9560739285509928,0.9539300649136815,0.9549879494168757,0.9560739285509928
Support Vector Machine,2090.1482694149017,0.9524118331457782,0.9481774286972693,0.9540090290315981,0.9524118331457782
K-Nearest Neighbors,0.45677852630615234,0.9516870434301627,0.9492912395740242,0.9501312806360723,0.9516870434301627
Neural Network,54.94496464729309,0.9552728451811021,0.9522618392313614,0.9551973333710333,0.9552728451811021
Naive Bayes,0.06283187866210938,0.9508096664059967,0.9465923699701232,0.9516628914064067,0.9508096664059967
XGBoost,0.7973966598510742,0.9575044345686547,0.9547782751997044,0.9575267401730374,0.9575044345686547
